,industry,country,signup_date,referral_source,plan_tier,seats,is_trial,churn_flag,account_id,account_name
0,EdTech,US,10/16/2024,partner,Basic,9.0,False,False,,
1,FinTech,IN,8/17/2023,other,Basic,18.0,False,True,,
2,DevTools,US,,organic,Basic,1.0,False,False,,
3, HealthTech    ,UK,8/27/2023,other,basic,24.0,True,False,,
4,HealthTech,US,10/27/2024,event,Enterprise,35.0,False,,,
5,EdTech,IN,10/12/2023,,Enterprise,4.0,,False,,
6,,US,3/8/2024,ads,Pro,11.0,False,False,,
7,EdTech,US,4/15/2023,partner,Pro,3.0,False,False,,
8,Cybersecurity,CA,9/10/2024,event,Enterprise,12.0,False,True,,
9,DevTools,US,5/8/2023,partner,Enterprise,14.0,False,True,,
10,Cybersecurity,US,9/25/2024,organic,Basic,49.0,False,True,,
11,FinTech,IN,11/8/2024,organic,Basic,59.0,False,,,
12,DevTools,US,4/14/2023,partner,Basic,,True,False,,
13,Cybersecurity,US,1/15/2024,partner,Enterprise,11.0,True,False,,
14,EdTech,UK,11/30/2024,ads,Enterprise,1.0,False,False,,
15,FinTech,US,9/8/2023,partner,Enterprise,,False,False,,
16,HealthTech,,12/5/2024,partner,Basic,15.0,False,False,,
17,EdTech,,8/23/2023,event,Pro,29.0,False,False,,
18,FinTech,,3/9/2023,,Enterprise,18.0,False,True,,
19,FinTech,UK,11/19/2023,event,Enterprise,4.0,True,False,,
20,FinTech,US,4/14/2024,,Enterprise,9.0,False,False,,
21,HealthTech,US,7/28/2024,other,Pro,8.0,False,False,,
22,DevTools,US,8/20/2024,ads,Enterprise,3.0,False,True,,
23,EdTech,IN,5/20/2024,organic,Basic,86.0,False,,,
24,FinTech,IN,10/4/2024,event,,1.0,False,False,,
25,DevTools,US,3/7/2023,event,Enterprise,26.0,False,True,,
26,HealthTech,AU,9/15/2023,organic,Enterprise,,True,,,
27,HealthTech,IN,4/28/2023,partner,Basic,19.0,False,True,,
28,DevTools,US,10/28/2023,organic,Enterprise,7.0,False,False,,
29,HealthTech,IN,9/27/2023,other,Basic,20.0,False,False,,
30,Cybersecurity,CA,10/2/2024,other,Enterprise,2.0,False,False,,
31,,,7/23/2023,ads,enterprise,16.0,False,False,,
32, EdTech    ,US,6/27/2024,event,basic,14.0,False,True,,
33,Cybersecurity,AU,4/25/2023,partner,Basic,,True,False,,
34,FinTech,AU,3/1/2023,organic,Basic,7.0,False,False,,
35,EdTech,FR,5/12/2024,,Basic,5.0,False,False,,
36,DevTools,DE,5/12/2023,ads,Pro,5.0,True,False,,
37,HealthTech,US,6/24/2024,ads,Enterprise,3.0,False,False,,
38,,IN,12/7/2024,event,Enterprise,20.0,False,False,,
39,Cybersecurity,US,10/27/2024,other,Pro,4.0,False,False,,
40,FinTech,US,5/4/2023,partner,Basic,32.0,False,False,,
41,HealthTech,US,8/25/2024,ads,Basic,2.0,False,False,,
42,EdTech,US,3/14/2023,organic,Pro,34.0,False,True,,
43,HealthTech,,3/14/2023,event,,14.0,,False,,
44,FinTech,IN,7/6/2024,other,Enterprise,2.0,False,False,,
45,FinTech,IN,4/29/2024,event,Basic,7.0,False,False,,
46,EdTech,UK,4/7/2023,partner,Pro,9.0,False,False,,
47,DevTools,AU,2/25/2024,organic,Enterprise,5.0,False,False,,
48,,US,10/31/2024,partner,Basic,6.0,True,False,,
49,FinTech,US,9/12/2023,event,Basic,13.0,True,False,,
50,FinTech,US,3/8/2024,,Basic,47.0,False,True,,
51, HealthTech    ,US,3/29/2024,other,,13.0,False,False,,
52,,US,4/6/2023,,,22.0,False,False,,
53,Devtools,DE,8/7/2023,ads,Pro,,False,False,,
54,devtools,US,1/3/2023,event,Pro,20.0,False,True,,
55,healthtech,UK,3/9/2024,event,Basic,61.0,False,True,,
56,Cybersecurity,US,7/14/2023,organic,Enterprise,,False,False,,
57,EdTech,,7/9/2024,organic,Basic,,False,False,,
58,DevTools,US,8/21/2024,other,Basic,20.0,False,False,,
59,HealthTech,US,2/28/2023,ads,Basic,9.0,False,,,
60,EdTech,UK,9/1/2024,,Pro,8.0,True,False,,
61,Healthtech,US,5/3/2023,other,Basic,41.0,False,False,,
62,EdTech,US,9/26/2024,other,Enterprise,33.0,False,False,,
63,Cybersecurity,DE,6/19/2024,ads,Enterprise,5.0,True,False,,
64,FinTech,US,11/18/2023,ads,Enterprise,46.0,False,,,
65,Cybersecurity,US,10/22/2024,organic,Basic,8.0,False,False,,
66,,FR,4/14/2024,organic,Basic,43.0,False,False,,
67,fintech,US,7/4/2024,ads, Pro    ,1.0,False,False,,
68,FinTech,US,3/12/2023,ads,Pro,18.0,,True,,
69, Cybersecurity    ,UK,7/10/2024,other, Basic    ,21.0,,True,,
70,HealthTech,US,11/14/2024,organic,Basic,15.0,False,False,,
71,EdTech,AU,9/28/2023,,Basic,5.0,False,False,,
72,Cybersecurity,UK,10/6/2023,partner,Basic,7.0,False,False,,
73,Cybersecurity,US,12/4/2024,partner,,37.0,,False,,
74,,CA,4/5/2023,organic,Basic,1.0,False,False,,
75,fintech,UK,12/8/2023,partner,Basic,,False,,,
76,HealthTech,IN,3/28/2024,other,Basic,44.0,False,False,,
77,EdTech,DE,4/25/2023,ads,Enterprise,13.0,False,False,,
78,Cybersecurity,US,2/6/2023,ads,Pro,58.0,,False,,
79,EdTech,US,5/11/2023,organic,Pro,1.0,,True,,
80,FinTech,UK,8/4/2023,partner,Enterprise,56.0,False,False,,
81,HealthTech,IN,2/21/2024,ads,Basic,9.0,True,,,
82,DevTools,US,7/1/2023,partner,Pro,11.0,False,False,,
83,FinTech,US,11/16/2024,organic,Pro,38.0,False,False,,
84,DevTools,US,2/9/2023,event,Pro,38.0,False,True,,
85,fintech,US,11/9/2023,ads,Pro,16.0,,False,,
86,Cybersecurity,AU,12/3/2023,,Pro,16.0,,False,,
87,HealthTech,US,10/18/2024,other,Pro,92.0,True,False,,
88, EdTech    ,AU,1/29/2023,partner,Basic,41.0,,False,,
89,Cybersecurity,US,8/17/2024,other,Pro,24.0,False,False,,
90,Cybersecurity,US,12/20/2023,other,Basic,33.0,False,False,,
91,HealthTech,US,,organic,Enterprise,48.0,False,False,,
92, EdTech    ,US,,other,Enterprise,32.0,False,False,,
93,FinTech,US,11/17/2024,organic,Enterprise,31.0,False,False,,
94,HealthTech,US,12/5/2023,organic,Enterprise,9.0,True,False,,
95,HealthTech,US,11/4/2023,event,Pro,1.0,False,False,,
96,Cybersecurity,US,2/17/2024,,Pro,6.0,False,True,,
97,DevTools,UK,11/11/2024,ads,Enterprise,1.0,False,False,,
98,Cybersecurity,US,8/5/2024,organic,Pro,2.0,False,False,,
99,FinTech,US,10/21/2023,other,Enterprise,4.0,False,True,,
100,Cybersecurity,US,11/1/2024,event,Enterprise,1.0,False,False,,
101,HealthTech,US,8/7/2023,ads,Enterprise,20.0,False,False,,
102,Cybersecurity,US,3/28/2023,other,Pro,14.0,False,False,,
103,FinTech,UK,,ads,Basic,6.0,False,,,
104,EdTech,US,5/31/2023,event,Enterprise,1.0,False,False,,
105,DevTools,US,3/16/2023,other,Basic,23.0,,,,
106,DevTools,US,12/14/2024,ads,Basic,3.0,False,False,,
107,EdTech,AU,11/2/2024,organic,Pro,25.0,,False,,
108,FinTech,CA,8/13/2023,other,Pro,103.0,False,False,,
109,HealthTech,US,2/21/2023,organic,Pro,18.0,False,False,,
110,DevTools,UK,5/17/2023,other,Enterprise,8.0,False,True,,
111,DevTools,UK,11/21/2023,other,Pro,2.0,True,True,,
112,DevTools,AU,7/15/2024,event,Pro,38.0,False,False,,
113,FinTech,CA,9/23/2023,partner,Enterprise,2.0,False,False,,
114,FinTech,US,5/11/2024,organic,Enterprise,3.0,,,,
115,FinTech,US,10/20/2023,partner,Enterprise,19.0,False,True,,
116,FinTech,US,3/24/2023,event,Enterprise,9.0,False,False,,
117,FinTech,US,6/6/2023,event,Pro,38.0,False,True,,
118,DevTools,US,7/9/2024,ads,Pro,1.0,False,True,,
119,HealthTech,DE,2/3/2024,organic,Enterprise,17.0,,False,,
120,DevTools,US,1/25/2024,partner,Pro,9.0,False,False,,
121,DevTools,US,2/4/2024,other,Enterprise,15.0,False,False,,
122,DevTools,US,8/14/2023,event,Pro,64.0,False,True,,
123,,US,1/30/2023,,,,True,True,,
124, DevTools    ,DE,6/19/2023,other, Enterprise    ,1.0,False,True,,
125,DevTools,US,1/28/2023,organic,Basic,7.0,False,True,,
126,,US,10/20/2024,event,Basic,,False,True,,
127,,US,2/21/2023,ads, Pro    ,23.0,,False,,
128,Cybersecurity,IN,12/1/2023,event,Pro,26.0,False,False,,
129,Cybersecurity,CA,3/7/2024,,Basic,3.0,,False,,
130,EdTech,FR,7/6/2024,partner,Basic,93.0,False,False,,
131,EdTech,IN,10/27/2024,organic,Basic,29.0,False,False,,
132,FinTech,CA,9/11/2023,other,Basic,39.0,False,False,,
133,FINTECH,US,9/2/2023,organic,Enterprise,28.0,True,False,,
134,DevTools,UK,8/12/2023,partner,Basic,14.0,False,False,,
135,HealthTech,FR,9/12/2024,organic,Basic,45.0,False,True,,
136,EdTech,US,11/15/2023,,Enterprise,47.0,True,False,,
137,DevTools,US,11/24/2024,,Basic,59.0,False,False,,
138,Fintech,US,8/29/2024,partner,Enterprise,19.0,False,False,,
139,EdTech,IN,,other,Basic,7.0,False,False,,
140,,US,,partner,Basic,31.0,False,True,,
141,Cybersecurity,US,6/2/2024,event,Pro,13.0,True,False,,
142,DevTools,FR,4/19/2023,event,Enterprise,11.0,False,,,
143,DevTools,US,6/6/2023,other,,,True,False,,
144,HealthTech,CA,10/4/2023,other,Pro,19.0,True,True,,
145,DevTools,CA,4/21/2024,other,Pro,24.0,True,False,,
146,FinTech,CA,11/27/2023,organic,Pro,24.0,True,,,
147,FinTech,IN,4/6/2024,,Enterprise,86.0,False,False,,
148,DevTools,US,11/15/2024,event,Pro,33.0,False,False,,
149,DevTools,US,7/6/2023,partner,Pro,27.0,False,True,,
150,HealthTech,IN,10/14/2023,partner,Enterprise,30.0,False,False,,
151,healthtech,DE,1/11/2023,organic,Basic,47.0,True,False,,
152,DevTools,US,2/21/2024,ads,Enterprise,1.0,False,True,,
153,DevTools,US,5/2/2024,organic,Basic,2.0,True,False,,
154,FinTech,US,10/29/2023,ads,Pro,27.0,False,False,,
155,HealthTech,US,11/10/2024,other,Enterprise,9.0,False,False,,
156,,FR,,other,,5.0,False,True,,
157,DevTools,US,12/27/2023,partner,Basic,70.0,True,False,,
158,FinTech,US,5/4/2023,other,Enterprise,,False,True,,
159,FinTech,US,7/9/2023,event,Pro,16.0,False,False,,
160,HealthTech,US,8/26/2024,organic,Basic,19.0,False,False,,
161,FinTech,US,10/31/2023,partner,Basic,19.0,False,False,,
162,HealthTech,US,12/26/2024,organic,Basic,1.0,False,False,,
163,Cybersecurity,UK,7/20/2024,ads,Enterprise,44.0,False,False,,
164,EdTech,,5/17/2024,other,Pro,6.0,False,False,,
165,Devtools,US,4/25/2024,ads,BASIC,8.0,False,True,,
166,DevTools,US,9/16/2023,organic,Pro,73.0,,False,,
167,EdTech,US,5/18/2024,organic,Basic,15.0,False,False,,
168,,,6/2/2023,organic,Basic,23.0,False,False,,
169,HealthTech,IN,5/2/2023,other,Enterprise,34.0,False,False,,
170,FinTech,IN,9/25/2024,event,Pro,19.0,False,False,,
171,Cybersecurity,AU,,event,Pro,40.0,True,True,,
172,healthtech,US,8/5/2024,organic,Basic,9.0,False,False,,
173,FinTech,US,10/2/2024,organic,Basic,3.0,False,False,,
174,FinTech,,9/3/2023,ads,Basic,70.0,False,False,,
175,DevTools,UK,2/23/2024,event,Pro,12.0,False,False,,
176,FinTech,US,2/3/2023,partner,Enterprise,1.0,False,False,,
177,EdTech,UK,4/9/2024,partner,Enterprise,163.0,False,,,
178,FinTech,US,8/26/2024,other,Basic,,False,False,,
179,FinTech,DE,,ads,Basic,5.0,False,True,,
180,FinTech,IN,3/3/2023,other,Enterprise,61.0,False,False,,
181,Cybersecurity,US,8/5/2024,event,Enterprise,22.0,False,False,,
182,DevTools,DE,11/8/2023,other,,2.0,False,False,,
183,,US,5/20/2024,organic,Pro,29.0,False,False,,
184,HealthTech,US,11/27/2023,organic,Basic,16.0,False,False,,
185,HealthTech,US,11/21/2024,organic,Enterprise,10.0,True,True,,
186,HealthTech,US,,ads,Pro,28.0,False,False,,
187,DevTools,DE,6/15/2024,ads,Enterprise,4.0,True,True,,
188,DevTools,FR,3/22/2024,event,Pro,8.0,False,False,,
189,Cybersecurity,US,2/23/2024,organic,Basic,11.0,False,False,,
190,DevTools,UK,12/4/2023,partner,Enterprise,14.0,False,False,,
191,HealthTech,US,2/15/2024,organic,Pro,19.0,False,False,,
192,,US,9/16/2023,event,Enterprise,3.0,False,False,,
193,HealthTech,US,1/2/2023,organic,Basic,5.0,False,False,,
194,Cybersecurity,UK,6/14/2024,event,Enterprise,13.0,,False,,
195,EdTech,US,3/28/2024,other,Basic,5.0,True,True,,
196,DevTools,,10/22/2023,event,Basic,,False,True,,
197,HealthTech,,1/30/2023,ads,Pro,20.0,False,False,,
198,EdTech,,7/18/2024,organic,Basic,45.0,False,False,,
199,DEVTOOLS,DE,4/27/2023,ads,Pro,,False,True,,
200,HEALTHTECH,IN,10/26/2023,event, Pro    ,3.0,False,True,,
201,FinTech,US,4/28/2024,,Pro,1.0,True,False,,
202,HealthTech,US,7/15/2023,ads,Basic,46.0,False,False,,
203,DevTools,US,10/10/2023,other,Pro,23.0,True,False,,
204,Cybersecurity,IN,1/3/2023,other,Enterprise,19.0,True,False,,
205,DevTools,AU,11/6/2024,event,Enterprise,50.0,True,False,,
206,Cybersecurity,US,5/10/2024,other,Pro,32.0,False,True,,
207,Cybersecurity,AU,4/11/2024,ads,Enterprise,,False,False,,
208,FinTech,AU,1/28/2024,event,Basic,19.0,False,False,,
209,DevTools,IN,11/22/2023,event,Pro,27.0,True,False,,
210,FinTech,US,11/10/2024,organic,Basic,24.0,False,False,,
211,HealthTech,US,5/29/2024,organic,Pro,15.0,True,False,,
212,HealthTech,DE,4/13/2023,organic,Enterprise,15.0,False,False,,
213,DevTools,AU,5/28/2023,ads,Basic,9.0,True,False,,
214,Cybersecurity,US,4/25/2024,event,Enterprise,,False,True,,
215,Cybersecurity,AU,3/24/2023,other,Pro,44.0,False,False,,
216,DevTools,AU,11/21/2023,organic,Enterprise,,False,True,,
217,FinTech,,3/12/2023,partner,,44.0,False,False,,
218,DevTools,FR,4/3/2023,organic,Pro,11.0,True,False,,
219,Cybersecurity,DE,6/20/2023,organic,,9.0,False,False,,
220,Cybersecurity,US,2/27/2023,event,Basic,8.0,False,False,,
221,HealthTech,,9/8/2023,ads,Basic,5.0,True,True,,
222,EdTech,UK,6/29/2023,event,,5.0,False,True,,
223,FinTech,US,11/30/2024,other,Basic,6.0,False,False,,
224,DevTools,UK,8/26/2023,event,Pro,1.0,False,False,,
225,,AU,11/13/2024,event,Pro,80.0,True,False,,
226,HealthTech,US,11/24/2024,event,Pro,69.0,False,False,,
227,Cybersecurity,UK,8/24/2024,event,Enterprise,5.0,False,False,,
228,DevTools,CA,9/14/2023,ads,Pro,,False,False,,
229,EdTech,US,5/9/2024,other,Pro,6.0,False,True,,
230,Cybersecurity,FR,8/11/2024,partner,Basic,46.0,False,False,,
231,DevTools,US,11/5/2024,other,Enterprise,,True,False,,
232,HealthTech,IN,2/20/2023,partner,Basic,6.0,False,True,,
233,Cybersecurity,,9/13/2024,ads,Enterprise,112.0,False,True,,
234,FinTech,UK,9/14/2023,organic,Pro,8.0,True,True,,
235,EdTech,US,3/27/2024,ads,Basic,92.0,False,False,,
236,,IN,,ads,Basic,5.0,,,,
237,HealthTech,AU,5/16/2023,partner,enterprise,18.0,False,False,,
238,Cybersecurity,CA,5/28/2024,partner,Pro,8.0,False,False,,
239,Cybersecurity,CA,10/30/2023,event,Basic,67.0,True,False,,
240,FinTech,AU,5/25/2023,event,Enterprise,55.0,False,True,,
241,,IN,1/10/2024,organic,pro,27.0,False,False,,
242,edtech,US,7/3/2024,partner,,3.0,False,False,,
243,Cybersecurity,US,1/26/2024,ads,Pro,3.0,False,False,,
244,HealthTech,AU,1/26/2023,other,Pro,21.0,False,False,,
245,FINTECH,UK,9/16/2024,event, Enterprise    ,41.0,False,False,,
246,DevTools,US,11/6/2023,organic,Basic,11.0,False,False,,
247,DevTools,US,11/8/2023,ads,Enterprise,7.0,False,False,,
248,DevTools,US,,other,,5.0,False,False,,
249,FinTech,AU,8/24/2024,organic,Pro,15.0,False,False,,
250,DevTools,DE,9/22/2024,partner,Basic,2.0,False,False,,
251,Cybersecurity,US,12/7/2024,,Basic,8.0,True,False,,
252,EdTech,FR,1/7/2024,partner,Enterprise,19.0,False,False,,
253,Cybersecurity,US,10/22/2024,partner,Basic,,,False,,
254,DevTools,US,5/6/2023,ads,Enterprise,5.0,False,True,,
255,,FR,10/16/2024,organic,Pro,16.0,False,False,,
256,FinTech,IN,9/7/2023,,Basic,,False,True,,
257,FinTech,US,7/21/2024,ads,Pro,37.0,True,False,,
258,HealthTech,US,6/1/2023,ads,Basic,31.0,True,False,,
259,Cybersecurity,IN,7/7/2024,organic,Enterprise,25.0,False,,,
260,FinTech,US,1/27/2023,ads,Enterprise,23.0,False,False,,
261,,US,11/28/2023,organic,Basic,8.0,False,False,,
262,HealthTech,US,3/7/2024,organic,Pro,17.0,False,False,,
263,Cybersecurity,US,4/4/2024,organic,Pro,58.0,False,False,,
264,FinTech,DE,5/30/2024,organic,Enterprise,14.0,False,True,,
265,HealthTech,US,11/5/2024,organic,Basic,41.0,False,False,,
266,DevTools,US,5/5/2024,organic,Pro,23.0,False,False,,
267,DevTools,,12/30/2024,organic,Pro,3.0,False,False,,
268,FinTech,US,9/14/2024,partner,Enterprise,11.0,False,False,,
269,HealthTech,US,10/10/2024,partner,Pro,51.0,False,True,,
270,HealthTech,US,9/3/2024,other,Enterprise,47.0,False,True,,
271,EdTech,IN,3/16/2024,,Enterprise,50.0,False,False,,
272,,,10/28/2024,ads,PRO,17.0,False,True,,
273,,US,4/7/2024,event,Pro,8.0,False,True,,
274,EdTech,US,3/1/2024,,,8.0,False,False,,
275,,FR,9/19/2023,event,Basic,50.0,,False,,
276, EdTech    ,US,4/4/2023,organic,ENTERPRISE,26.0,False,False,,
277,FinTech,,1/17/2024,other,Enterprise,12.0,True,True,,
278,,UK,7/29/2024,event,Pro,13.0,False,False,,
279,DevTools,AU,11/12/2024,organic,Pro,,False,False,,
280,Cybersecurity,,9/6/2024,other,Enterprise,1.0,False,True,,
281, FinTech    ,UK,8/6/2023,ads,,64.0,True,False,,
282,HealthTech,US,12/25/2023,partner,Enterprise,1.0,False,False,,
283,DevTools,CA,,other,Enterprise,18.0,True,False,,
284,,US,11/22/2024,partner,Basic,4.0,,False,,
285,Cybersecurity,IN,7/4/2023,partner,Pro,4.0,True,False,,
286,edtech,US,12/26/2023,ads, Enterprise    ,16.0,True,False,,
287,DevTools,US,11/4/2024,organic,Basic,12.0,False,False,,
288,FinTech,US,6/27/2024,,Pro,10.0,False,True,,
289,Cybersecurity,US,6/11/2023,partner,Enterprise,4.0,False,False,,
290,EdTech,AU,9/2/2024,ads,Basic,9.0,False,False,,
291,EdTech,UK,9/24/2024,partner,Pro,10.0,True,True,,
292,DevTools,US,11/8/2024,event,Pro,25.0,False,True,,
293,FinTech,IN,10/7/2023,organic,Pro,5.0,False,False,,
294,EdTech,,3/16/2024,other,Pro,1.0,True,False,,
295,Cybersecurity,,6/23/2024,event, Enterprise    ,3.0,False,False,,
296,EdTech,US,2/26/2023,,Basic,2.0,False,False,,
297,Cybersecurity,US,9/19/2023,organic,,38.0,False,False,,
298,FinTech,US,3/16/2024,other,Enterprise,116.0,False,False,,
299,HealthTech,US,8/24/2023,partner,Basic,45.0,True,True,,
300,EdTech,US,2/11/2024,,Basic,4.0,True,True,,
301,Healthtech,US,11/17/2023,event, Enterprise    ,17.0,False,False,,
302,DevTools,US,10/17/2024,event,Basic,34.0,False,False,,
303,FinTech,CA,11/29/2023,other,Pro,9.0,,False,,
304,,US,12/7/2024,organic,Basic,19.0,False,False,,
305,HealthTech,US,3/22/2024,,,,False,False,,
306, Cybersecurity    ,US,11/14/2023,ads,Basic,28.0,True,False,,
307,EdTech,US,6/6/2024,ads,Pro,13.0,False,False,,
308,FinTech,US,12/26/2023,ads,Pro,11.0,True,False,,
309,FinTech,UK,7/22/2023,organic,Basic,15.0,False,False,,
310,DevTools,,10/5/2024,other,Enterprise,,False,False,,
311,HealthTech,,4/4/2024,other,Pro,14.0,False,False,,
312,Cybersecurity,US,10/4/2024,organic,Pro,1.0,False,True,,
313,Cybersecurity,IN,3/28/2024,other,Basic,17.0,False,False,,
314,HealthTech,US,12/27/2023,event,,21.0,False,False,,
315,EdTech,US,2/8/2023,partner,Basic,1.0,True,False,,
316,EdTech,UK,10/22/2024,other,Pro,41.0,False,False,,
317,HealthTech,US,4/18/2024,organic,Pro,21.0,False,False,,
318,,US,8/8/2024,event,Enterprise,10.0,False,False,,
319,EdTech,US,6/4/2023,partner,Enterprise,1.0,False,False,,
320,HealthTech,,3/28/2023,,Basic,1.0,False,False,,
321,DevTools,FR,12/25/2024,other,Enterprise,9.0,False,False,,
322,FinTech,US,,,Pro,25.0,False,False,,
323,Cybersecurity,UK,2/23/2024,organic,Enterprise,12.0,False,False,,
324,Cybersecurity,US,10/24/2024,organic,Enterprise,26.0,False,True,,
325,Devtools,US,11/25/2024,other,BASIC,6.0,False,True,,
326,EdTech,US,12/8/2023,ads,,13.0,False,False,,
327,DevTools,US,11/14/2023,organic,Pro,29.0,True,True,,
328,DevTools,UK,7/26/2024,partner,Basic,,False,False,,
329,,US,11/17/2024,event,Enterprise,11.0,False,,,
330,EdTech,US,1/6/2024,ads,Basic,32.0,False,False,,
331,DevTools,US,12/16/2023,ads,Basic,17.0,False,True,,
332,CYBERSECURITY,CA,3/21/2023,organic,,49.0,True,False,,
333,HealthTech,US,7/6/2024,partner,Enterprise,11.0,False,False,,
334,HealthTech,US,5/15/2023,ads,Basic,41.0,False,False,,
335,HealthTech,CA,12/10/2024,ads,Enterprise,21.0,False,False,,
336,EdTech,US,3/24/2024,ads,,5.0,False,False,,
337,Cybersecurity,IN,9/17/2024,event,Basic,87.0,False,True,,
338,,US,6/30/2024,event,Basic,24.0,False,True,,
339,HEALTHTECH,FR,1/12/2024,event,PRO,,False,True,,
340,HealthTech,US,1/27/2024,ads,Basic,23.0,,False,,
341,FinTech,AU,9/11/2024,organic,Enterprise,70.0,False,False,,
342,Cybersecurity,US,5/7/2024,organic,,39.0,False,False,,
343,EdTech,US,6/12/2024,ads,Pro,35.0,True,False,,
344,,US,,event,Basic,5.0,True,True,,
345,DevTools,AU,8/16/2023,organic,Pro,23.0,False,False,,
346,DevTools,US,2/24/2023,ads,Pro,1.0,False,False,,
347,Cybersecurity,US,3/25/2023,partner,Basic,31.0,False,False,,
348,Cybersecurity,IN,10/27/2024,,Basic,43.0,False,False,,
349,DevTools,,10/21/2023,ads,Enterprise,1.0,False,True,,
350,DevTools,UK,4/25/2024,organic,,41.0,False,,,
351,,CA,9/20/2023,other,Enterprise,32.0,False,False,,
352, HealthTech    ,US,9/15/2024,partner,,29.0,False,False,,
353,EdTech,US,11/5/2023,event,Enterprise,,False,,,
354,DevTools,US,9/29/2024,event,Enterprise,29.0,False,False,,
355,EdTech,UK,7/2/2024,other,Basic,26.0,False,True,,
356,Cybersecurity,US,5/28/2023,other,Pro,8.0,False,False,,
357,HealthTech,US,9/4/2023,organic,Enterprise,5.0,True,,,
358,EdTech,FR,1/5/2024,other,Enterprise,87.0,False,False,,
359,HealthTech,US,6/3/2024,,Basic,22.0,False,False,,
360,DevTools,FR,10/12/2024,partner,Enterprise,30.0,True,False,,
361,Cybersecurity,IN,1/17/2023,partner,Basic,42.0,False,False,,
362, EdTech    ,IN,11/3/2024,partner,basic,19.0,False,False,,
363,Cybersecurity,,,ads,Enterprise,5.0,False,False,,
364, DevTools    ,UK,4/20/2024,ads,basic,18.0,False,False,,
365,EdTech,US,4/13/2024,organic,Basic,3.0,False,True,,
366,Cybersecurity,DE,2/12/2023,other,Pro,30.0,False,True,,
367,DevTools,US,7/10/2024,ads,Pro,69.0,False,False,,
368,EdTech,AU,1/1/2024,partner,Pro,105.0,False,False,,
369,Cybersecurity,,,event,Enterprise,28.0,False,True,,
370,DevTools,US,3/26/2024,ads,,33.0,False,False,,
371,DevTools,US,12/9/2024,other,Pro,15.0,False,False,,
372,DevTools,US,3/26/2023,other,Basic,1.0,False,False,,
373,Cybersecurity,US,7/12/2024,,Pro,2.0,False,False,,
374,Cybersecurity,,,other,Enterprise,39.0,False,False,,
375,FinTech,UK,3/12/2024,,Pro,16.0,True,False,,
376,Cybersecurity,UK,2/13/2023,event,Pro,9.0,False,False,,
377,EdTech,US,10/16/2024,event,Pro,13.0,True,False,,
378,FinTech,FR,6/9/2024,ads,,22.0,True,False,,
379,,US,11/25/2024,organic,Basic,13.0,False,False,,
380,Cybersecurity,US,10/22/2024,other,Basic,34.0,False,False,,
381,FinTech,UK,9/11/2024,partner,Pro,16.0,,False,,
382,EdTech,US,3/30/2024,other,Pro,31.0,False,False,,
383,Cybersecurity,UK,2/12/2024,ads,Basic,40.0,False,False,,
384, FinTech    ,US,1/27/2023,event,enterprise,23.0,False,False,,
385,Cybersecurity,IN,5/1/2023,event,Basic,27.0,False,False,,
386,cybersecurity,UK,9/18/2024,event,Basic,41.0,True,False,,
387,FinTech,AU,5/6/2023,event,Basic,114.0,False,False,,
388,,FR,12/31/2024,partner,ENTERPRISE,3.0,,False,,
389,EDTECH,US,12/22/2023,partner,,14.0,True,False,,
390,FinTech,IN,6/11/2023,other,Basic,19.0,False,False,,
391,,IN,,ads,,6.0,,False,,
392,Cybersecurity,,,partner,Pro,30.0,True,False,,
393,FinTech,UK,7/18/2024,organic,Basic,15.0,False,False,,
394,,FR,11/13/2023,event,enterprise,20.0,False,True,,
395,DevTools,CA,2/25/2024,,Basic,55.0,False,,,
396,EdTech,US,11/21/2023,other,,,False,,,
397,HealthTech,UK,5/12/2023,ads,Basic,17.0,False,False,,
398,HealthTech,DE,3/19/2024,organic,Basic,1.0,False,False,,
399,FinTech,US,6/14/2024,ads,Pro,69.0,False,True,,
400,FinTech,US,12/27/2024,other,,28.0,True,True,,
401,,US,3/22/2023,other,Pro,94.0,False,False,,
402,Cybersecurity,UK,5/9/2023,organic,Enterprise,22.0,False,False,,
403, FinTech    ,US,10/18/2024,other,basic,117.0,False,False,,
404,HealthTech,IN,6/25/2023,other,Pro,3.0,False,False,,
405,EdTech,CA,,organic,Basic,4.0,True,False,,
406,,,2/16/2023,ads,Enterprise,21.0,False,False,,
407,HealthTech,UK,3/2/2024,event,Enterprise,3.0,False,False,,
408,Cybersecurity,,7/12/2024,partner,Pro,10.0,False,,,
409,devtools,US,9/8/2023,organic,,6.0,False,,,
410,FinTech,US,3/3/2023,event,Pro,44.0,False,False,,
411,Cybersecurity,UK,7/28/2023,partner,Enterprise,1.0,False,False,,
412,Cybersecurity,FR,11/23/2023,ads,Pro,39.0,False,False,,
413,HealthTech,US,6/11/2024,ads,Pro,4.0,False,False,,
414,Cybersecurity,US,,ads,,29.0,False,False,,
415,Cybersecurity,DE,2/21/2023,,,19.0,True,True,,
416,FinTech,CA,9/12/2023,other,Enterprise,50.0,False,False,,
417, FinTech    ,IN,11/17/2023,event,,,True,True,,
418,DevTools,AU,4/23/2024,event,Basic,23.0,False,False,,
419,DevTools,US,4/3/2023,ads,Basic,13.0,,False,,
420,Cybersecurity,US,8/20/2024,partner,Pro,6.0,False,False,,
421,,US,,organic,Basic,12.0,True,True,,
422,FinTech,AU,3/17/2024,partner,Pro,9.0,False,False,,
423,,US,1/10/2024,other,Enterprise,6.0,False,False,,
424,Cybersecurity,US,7/19/2023,organic,Pro,30.0,True,,,
425,DevTools,IN,5/31/2024,partner,Enterprise,2.0,False,False,,
426,HealthTech,US,,organic,Pro,3.0,False,,,
427,Cybersecurity,US,,partner,Basic,24.0,False,True,,
428,healthtech,US,7/23/2023,other,basic,7.0,False,True,,
429,EdTech,US,2/16/2023,,,8.0,,True,,
430,DevTools,US,6/15/2024,other,Basic,10.0,True,False,,
431,HealthTech,US,12/2/2023,event,Enterprise,23.0,False,False,,
432,HealthTech,US,11/3/2023,other,Enterprise,3.0,True,False,,
433,HealthTech,US,5/16/2024,organic,Pro,24.0,True,False,,
434,,FR,12/6/2023,other,Pro,1.0,False,False,,
435,EdTech,US,12/5/2024,partner,Enterprise,40.0,False,False,,
436,HealthTech,US,8/15/2024,organic,Enterprise,8.0,False,True,,
437,FinTech,US,5/6/2024,other,Pro,45.0,False,False,,
438,FinTech,US,6/1/2023,organic,Basic,,False,False,,
439,DevTools,US,1/20/2023,ads,Pro,26.0,True,True,,
440,FinTech,US,12/8/2024,other,Pro,5.0,False,False,,
441,FinTech,US,3/5/2023,other,Pro,4.0,False,False,,
442,DevTools,US,11/9/2024,partner,Basic,4.0,False,False,,
443,HealthTech,US,4/15/2024,partner,Enterprise,13.0,False,False,,
444,Cybersecurity,UK,11/28/2024,ads,Basic,5.0,,False,,
445,HealthTech,US,10/13/2023,partner,Pro,21.0,False,False,,
446, FinTech    ,UK,12/22/2024,event,Pro,1.0,True,False,,
447,,US,5/6/2024,partner,Pro,12.0,False,False,,
448,,UK,5/5/2023,event,Pro,27.0,False,False,,
449,FinTech,US,12/20/2023,partner,Enterprise,9.0,False,True,,
450,Cybersecurity,DE,3/22/2023,partner,Enterprise,40.0,False,False,,
451,,US,5/5/2024,other,Pro,25.0,False,False,,
452,Cybersecurity,US,7/29/2024,other,Enterprise,46.0,False,False,,
453,FinTech,US,8/23/2024,other,Basic,17.0,False,False,,
454,FinTech,US,10/15/2024,event,Pro,19.0,False,False,,
455,EdTech,UK,,ads,,2.0,False,,,
456,FinTech,US,7/17/2024,event,Pro,3.0,False,False,,
457,FinTech,IN,10/28/2024,partner,Pro,3.0,False,False,,
458,EdTech,DE,10/20/2023,organic,enterprise,5.0,False,False,,
459,FinTech,US,8/10/2024,organic,Basic,,False,False,,
460,FinTech,DE,3/3/2024,organic,Pro,3.0,False,False,,
461,FinTech,DE,5/22/2024,partner,Basic,5.0,False,False,,
462,Cybersecurity,US,1/10/2023,organic,Pro,29.0,True,False,,
463,DevTools,FR,10/19/2023,other,Enterprise,12.0,False,True,,
464,FinTech,AU,5/20/2024,event,Pro,,,False,,
465,EdTech,US,7/17/2023,event,Enterprise,35.0,False,False,,
466,FinTech,US,9/21/2023,partner,,19.0,False,True,,
467,FinTech,US,8/4/2024,event,Pro,3.0,,False,,
468,,US,6/11/2024,organic,Basic,21.0,False,False,,
469,DevTools,US,,ads,Basic,32.0,False,False,,
470,DevTools,US,9/25/2023,partner,Pro,4.0,,False,,
471,HealthTech,IN,11/6/2023,organic,Pro,1.0,False,False,,
472,Cybersecurity,UK,10/31/2024,organic,Enterprise,1.0,True,False,,
473,DevTools,US,5/2/2023,event,Enterprise,54.0,False,False,,
474,Cybersecurity,UK,5/29/2024,partner,Pro,1.0,True,False,,
475,FinTech,,9/21/2024,ads,Pro,67.0,True,False,,
476,DevTools,IN,6/6/2023,other,Pro,20.0,False,False,,
477,HealthTech,DE,3/1/2024,other,Enterprise,14.0,False,False,,
478,,UK,8/12/2023,other,Basic,128.0,,False,,
479,DevTools,US,6/22/2024,partner,,24.0,False,False,,
480,EdTech,US,7/31/2024,other,Enterprise,70.0,True,False,,
481,HealthTech,US,7/27/2023,,Pro,11.0,False,True,,
482,DevTools,US,6/16/2024,ads,Enterprise,23.0,,False,,
483,DevTools,US,8/20/2024,other,Pro,22.0,False,False,,
484,DevTools,US,2/26/2023,event,Pro,40.0,False,True,,
485,EdTech,US,7/31/2024,partner,,53.0,False,False,,
486,DevTools,US,1/23/2023,organic,Enterprise,4.0,False,False,,
487,HealthTech,US,8/12/2023,event,Pro,21.0,True,False,,
488,EdTech,US,12/18/2024,organic,Basic,148.0,True,False,,
489,EdTech,US,4/28/2024,ads,Basic,10.0,False,False,,
490,DevTools,US,10/18/2024,event,Pro,16.0,False,False,,
491,DevTools,US,1/22/2024,other,Basic,10.0,False,False,,
492,Cybersecurity,US,10/31/2024,other,Pro,32.0,False,False,,
493,FinTech,IN,6/25/2024,ads,Basic,11.0,False,True,,
494,Cybersecurity,US,,other,Pro,15.0,True,False,,
495,DevTools,CA,6/28/2024,,Pro,9.0,False,False,,
496,FinTech,US,12/21/2023,organic,Basic,9.0,False,False,,
497,DevTools,,11/7/2024,organic,Basic,9.0,False,True,,
498,EdTech,US,,organic,Pro,18.0,False,False,,
499,Edtech,US,9/4/2024,organic, Pro    ,12.0,False,,,
500,HealthTech,US,8/7/2023,ads,Enterprise,20.0,False,False,,
501,Cybersecurity,UK,10/31/2024,organic,Enterprise,1.0,True,False,,
502,HealthTech,,1/30/2023,ads,Pro,20.0,False,False,,
503,HEALTHTECH,US,11/14/2024,organic,Basic,15.0,False,False,,
504,,,8/21/2024,other,basic,20.0,False,False,,
505,Cybersecurity,UK,5/29/2024,partner,,1.0,True,False,,
506,FinTech,US,2/3/2023,partner,,1.0,False,False,,
507,,IN,7/7/2024,organic,Enterprise,25.0,False,False,,
508,FinTech,US,12/27/2024,other,Pro,28.0,True,True,,
509,DevTools,US,12/9/2024,other,Pro,15.0,False,False,,
510,EdTech,,3/16/2024,other,Pro,1.0,True,False,,
511,DevTools,US,,event,Enterprise,54.0,False,False,,
512,FINTECH,US,11/10/2024,organic,Basic,24.0,,False,,
513,HealthTech,US,,organic,basic,16.0,False,False,,
514,HealthTech,,4/4/2024,other,Pro,14.0,False,False,,
515,FinTech,US,12/26/2023,ads,Pro,11.0,True,False,,
516,EdTech,IN,7/9/2024,organic,Basic,1.0,False,False,,
517,Cybersecurity,US,,organic,,1.0,False,False,,
518,FinTech,,12/7/2024,event,,20.0,False,False,,
519,DevTools,US,4/14/2023,partner,Basic,7.0,True,False,,
520, HealthTech    ,IN,2/20/2023,partner,BASIC,6.0,False,True,,
521,HealthTech,IN,5/2/2023,other,Enterprise,34.0,False,False,,
522,DevTools,US,6/22/2024,partner,Basic,24.0,False,False,,
523,FinTech,IN,4/6/2024,other,Enterprise,86.0,False,False,,
524,EdTech,AU,1/29/2023,partner,Basic,41.0,False,,,
525,Cybersecurity,US,9/6/2024,other,Enterprise,1.0,False,True,,
526,Cybersecurity,CA,5/28/2024,,Pro,8.0,False,False,,
527,FinTech,IN,,partner,Pro,3.0,False,,,
528,HealthTech,US,6/1/2023,ads,Basic,31.0,True,False,,
529,Cybersecurity,US,11/14/2023,ads,Basic,28.0,True,False,,
530,Cybersecurity,FR,,event,Basic,50.0,False,False,,
531,DevTools,US,5/5/2024,organic,Pro,23.0,False,False,,
532,,US,10/13/2023,partner,Pro,21.0,False,False,,
533,EdTech,US,5/18/2024,organic,Basic,15.0,False,False,,
534,DevTools,FR,10/19/2023,other,Enterprise,12.0,False,True,,
535,HealthTech,DE,,organic,Enterprise,15.0,False,False,,
536,Cybersecurity,US,,partner,Pro,6.0,False,,,
537,EdTech,IN,1/10/2024,organic,Pro,27.0,False,False,,
538,DevTools,US,2/9/2023,event,Pro,38.0,False,True,,
539,EDTECH,US,4/28/2024,ads,,10.0,False,False,,
540,DevTools,,9/3/2024,organic, Basic    ,12.0,True,True,,
541,DevTools,US,10/17/2024,event,Basic,34.0,False,,,
542,FinTech,AU,5/25/2023,event,Enterprise,55.0,False,True,,
543,Cybersecurity,US,10/22/2024,other,Basic,34.0,False,False,,
544,DevTools,IN,5/31/2024,partner,Enterprise,2.0,False,False,,
545,Cybersecurity,US,5/8/2023,event,Enterprise,,False,True,,
546,DevTools,AU,,event,Enterprise,50.0,True,False,,
547,EdTech,FR,1/7/2024,partner,Enterprise,19.0,False,,,
548,HEALTHTECH,IN,2/21/2024,ads,BASIC,9.0,True,False,,
549,HealthTech,US,4/15/2024,partner,Enterprise,,False,False,,
550,EdTech,US,11/15/2023,partner,Enterprise,47.0,True,False,,
551,HealthTech,US,3/29/2024,other,Basic,13.0,False,False,,
552,CYBERSECURITY,FR,8/11/2024,partner,,7.0,False,False,,
553,,US,11/17/2024,event,ENTERPRISE,11.0,False,,,
554,FinTech,US,5/4/2023,partner,Basic,32.0,False,False,,
555,FinTech,US,10/31/2023,partner,Basic,,False,False,,
556,DevTools,US,,ads,Basic,13.0,,,,
557,healthtech,US,2/21/2023,organic,Pro,,,False,,
558,DevTools,DE,5/12/2023,ads,Pro,5.0,,False,,
559,HealthTech,US,8/26/2024,organic,Basic,19.0,False,False,,
560,,UK,11/28/2024,,Basic,5.0,False,False,,
561,DevTools,US,3/16/2023,,Basic,23.0,False,,,
562,FinTech,US,12/21/2023,organic,Basic,9.0,False,,,
563,HealthTech,UK,5/12/2023,,Basic,17.0,False,False,,
564,HealthTech,US,10/3/2023,ads,Pro,28.0,False,False,,
565,,FR,1/12/2024,event,Pro,16.0,False,True,,
566,FinTech,US,10/15/2024,event,Pro,19.0,False,False,,
567,DevTools,AU,7/15/2024,event,Pro,38.0,False,False,,
568,Cybersecurity,UK,,ads,Basic,40.0,False,False,,
569,EdTech,US,11/28/2023,organic,Basic,8.0,False,False,,
570,EdTech,US,7/31/2024,partner,Enterprise,53.0,False,False,,
571,DevTools,AU,5/28/2023,ads,Basic,9.0,True,False,,
572,,UK,8/27/2023,other,Basic,24.0,True,False,,
573,DevTools,US,12/30/2024,organic,Pro,3.0,False,,,
574,,US,11/3/2023,other,,3.0,True,False,,
575,EdTech,CA,8/23/2023,event,,29.0,False,False,,
576,EdTech,US,10/16/2024,event,Pro,13.0,True,False,,
577,FinTech,CA,8/13/2023,other,Pro,61.0,,False,,
578,DevTools,US,10/28/2023,organic,Enterprise,7.0,False,,,
579,DevTools,US,7/1/2023,partner,Pro,,False,False,,
580,Cybersecurity,AU,12/3/2023,partner,Pro,16.0,True,False,,
581,HealthTech,IN,10/14/2023,partner,Enterprise,30.0,False,False,,
582,FinTech,UK,8/6/2023,ads,Basic,64.0,True,False,,
583,Cybersecurity,IN,1/17/2023,partner,Basic,42.0,False,False,,
584,FinTech,CA,9/20/2023,other,Enterprise,32.0,False,False,,
585,,UK,11/19/2023,event,Enterprise,4.0,True,False,,
586,DevTools,CA,4/5/2023,organic,Basic,1.0,False,False,,
587,,UK,7/22/2023,organic,Basic,15.0,False,,,
588,DEVTOOLS,US,11/6/2023,organic,Basic,11.0,False,False,,
589,FinTech,US,6/1/2023,organic,Basic,12.0,False,False,,
590,DevTools,US,8/14/2023,event,Pro,64.0,False,True,,
591,HealthTech,US,4/5/2024,event,Basic,5.0,True,True,,
592,EdTech,,12/18/2024,,Basic,148.0,True,False,,
593, DevTools    ,CA,,ads,Pro,9.0,False,False,,
594,HEALTHTECH,US,3/7/2024,organic, Pro    ,,False,False,,
595,FinTech,US,10/20/2023,partner,Enterprise,19.0,False,True,,
596,FinTech,US,8/26/2024,other,Basic,29.0,False,False,,
597,DevTools,CA,4/21/2024,other,Pro,24.0,True,False,,
598,HealthTech,US,12/25/2023,partner,Enterprise,1.0,False,False,,
599,Fintech,DE,3/9/2023,other,Enterprise,18.0,False,True,,
600,,,,,,102.0,,,A-2e4581,Company_0
601,,,,,,,,,A-43a9e3,Company_1
602,,,,,,,,,A-0a282f,Company_2
603,,,,,,,,,A-1f0ac7,Company_3
604,,,,,,,,,A-ce550d,Company_4
605,,,,,,,,,A-1b9609,Company_5
606,,,,,,,,,A-a0ca4e,Company_6
607,,,,,,,,,A-e5d6ab,Company_7
608,,,,,,,,,A-7dacce,Company_8
609,,,,,,,,,A-10b8da,Company_9
610,,,,,,,,,A-592832,Company_10
611,,,,,,,,,A-d40bf7,Company_11
612,,,,,,,,,A-6c093d,Company_12
613,,,,,,,,,A-462d45,Company_13
614,,,,,,,,,A-956988,Company_14
615,,,,,,,,,A-ac14bb,Company_15
616,,,,,,,,,A-463db0,Company_16
617,,,,,,,,,A-ce66f8,Company_17
618,,,,,,,,,A-c4ea60,Company_18
619,,,,,,,,,A-832ec2,Company_19
620,,,,,,,,,A-684255,Company_20
621,,,,,,,,,A-c42f1f,Company_21
622,,,,,,,,,A-4e44e8,Company_22
623,,,,,,,,,A-30b4ca,Company_23
624,,,,,,,,,A-9f2731,Company_24
625,,,,,,,,,A-32fb14,Company_25
626,,,,,,,,,A-00cac8,Company_26
627,,,,,,,,,A-35083d,Company_27
628,,,,,,,,,A-eb7fac,Company_28
629,,,,,,,,,A-b20d99,Company_29
630,,,,,,,,,A-396e5f,Company_30
631,,,,,,,,,A-45ce7a,Company_31
632,,,,,,,,,A-08e34e,Company_32
633,,,,,,,,,A-8145a0,Company_33
634,,,,,,,,,A-bad8c1,Company_34
635,,,,,,,,,A-44dc83,Company_35
636,,,,,,,,,A-f446b6,Company_36
637,,,,,,,,,A-a45270,Company_37
638,,,,,,,,,A-854864,Company_38
639,,,,,,,,,A-1b7577,Company_39
640,,,,,,,,,A-05f0e5,Company_40
641,,,,,,,,,A-9077b0,Company_41
642,,,,,,,,,A-7f8241,Company_42
643,,,,,,,,,A-2bc93d,Company_43
644,,,,,,,,,A-f3ff05,Company_44
645,,,,,,,,,A-2d4502,Company_45
646,,,,,,,,,A-6a4e2d,Company_46
647,,,,,,,,,A-eb7c38,Company_47
648,,,,,,,,,A-c37601,Company_48
649,,,,,,,,,A-3b5cd1,Company_49
650,,,,,,,,,A-b2225d,Company_50
651,,,,,,,,,A-94f8c9,Company_51
652,,,,,,,,,A-02fac6,Company_52
653,,,,,,,,,A-c1dfe1,Company_53
654,,,,,,,,,A-32728c,Company_54
655,,,,,,,,,A-4c38bc,Company_55
656,,,,,,,,,A-1b707d,Company_56
657,,,,,,,,,A-6f8ad2,Company_57
658,,,,,,,,,A-4d1e75,Company_58
659,,,,,,92.0,,,A-9ee962,Company_59
660,,,,,,,,,A-378b99,Company_60
661,,,,,,,,,A-94d3da,Company_61
662,,,,,,,,,A-e351e1,Company_62
663,,,,,,,,,A-9badbd,Company_63
664,,,,,,,,,A-7e0a10,Company_64
665,,,,,,,,,A-118d55,Company_65
666,,,,,,,,,A-526d93,Company_66
667,,,,,,,,,A-f92792,Company_67
668,,,,,,,,,A-84ebe4,Company_68
669,,,,,,,,,A-5b4ebb,Company_69
670,,,,,,,,,A-2922b6,Company_70
671,,,,,,,,,A-9b9fe9,Company_71
672,,,,,,,,,A-a8b49c,Company_72
673,,,,,,,,,A-9174e0,Company_73
674,,,,,,,,,A-a1bbb6,Company_74
675,,,,,,,,,A-c45b23,Company_75
676,,,,,,,,,A-02cd81,Company_76
677,,,,,,,,,A-ee42db,Company_77
678,,,,,,,,,A-432483,Company_78
679,,,,,,,,,A-9208f0,Company_79
680,,,,,,,,,A-98a59a,Company_80
681,,,,,,,,,A-fe79a5,Company_81
682,,,,,,,,,A-726cfa,Company_82
683,,,,,,,,,A-c43359,Company_83
684,,,,,,,,,A-271f46,Company_84
685,,,,,,,,,A-157070,Company_85
686,,,,,,,,,A-40a557,Company_86
687,,,,,,,,,A-66224b,Company_87
688,,,,,,,,,A-91e948,Company_88
689,,,,,,89.0,,,A-104f1a,Company_89
690,,,,,,,,,A-7988d1,Company_90
691,,,,,,,,,A-faa28c,Company_91
692,,,,,,,,,A-f25509,Company_92
693,,,,,,,,,A-3a7284,Company_93
694,,,,,,,,,A-3a5ad8,Company_94
695,,,,,,,,,A-65a46c,Company_95
696,,,,,,,,,A-8b25f2,Company_96
697,,,,,,,,,A-fabe19,Company_97
698,,,,,,,,,A-adc1f3,Company_98
699,,,,,,,,,A-503d5a,Company_99
700,,,,,,,,,A-fd7ad3,Company_100
701,,,,,,,,,A-186a44,Company_101
702,,,,,,,,,A-e888d1,Company_102
703,,,,,,,,,A-69fad4,Company_103
704,,,,,,,,,A-9289f6,Company_104
705,,,,,,,,,A-f19409,Company_105
706,,,,,,,,,A-22f2df,Company_106
707,,,,,,,,,A-039727,Company_107
708,,,,,,,,,A-2e3bad,Company_108
709,,,,,,,,,A-484819,Company_109
710,,,,,,,,,A-425e76,Company_110
711,,,,,,,,,A-e83938,Company_111
712,,,,,,,,,A-ad296b,Company_112
713,,,,,,,,,A-e51ec7,Company_113
714,,,,,,,,,A-0aaf6e,Company_114
715,,,,,,,,,A-e61e98,Company_115
716,,,,,,,,,A-92a333,Company_116
717,,,,,,,,,A-95b24a,Company_117
718,,,,,,,,,A-42e5e1,Company_118
719,,,,,,,,,A-7d514c,Company_119
720,,,,,,,,,A-65aeb5,Company_120
721,,,,,,,,,A-e2cd1b,Company_121
722,,,,,,,,,A-180abf,Company_122
723,,,,,,,,,A-f17767,Company_123
724,,,,,,,,,A-5a184f,Company_124
725,,,,,,,,,A-7df7a7,Company_125
726,,,,,,,,,A-1ac5e0,Company_126
727,,,,,,,,,A-52dd88,Company_127
728,,,,,,,,,A-bece89,Company_128
729,,,,,,,,,A-029f69,Company_129
730,,,,,,,,,A-5c046d,Company_130
731,,,,,,,,,A-fb186e,Company_131
732,,,,,,,,,A-ae052e,Company_132
733,,,,,,,,,A-9f9299,Company_133
734,,,,,,,,,A-96e141,Company_134
735,,,,,,,,,A-117171,Company_135
736,,,,,,,,,A-313be3,Company_136
737,,,,,,,,,A-671f31,Company_137
738,,,,,,,,,A-bbc346,Company_138
739,,,,,,,,,A-c16101,Company_139
740,,,,,,,,,A-50f3f7,Company_140
741,,,,,,,,,A-7da956,Company_141
742,,,,,,,,,A-019782,Company_142
743,,,,,,,,,A-df10db,Company_143
744,,,,,,,,,A-3932db,Company_144
745,,,,,,,,,A-4f18f0,Company_145
746,,,,,,,,,A-4c6f11,Company_146
747,,,,,,,,,A-8ae05d,Company_147
748,,,,,,,,,A-b78bf8,Company_148
749,,,,,,,,,A-eafc6e,Company_149
750,,,,,,,,,A-37f969,Company_150
751,,,,,,,,,A-10b8f2,Company_151
752,,,,,,,,,A-439b2f,Company_152
753,,,,,,,,,A-544d0a,Company_153
754,,,,,,,,,A-ba6516,Company_154
755,,,,,,,,,A-712426,Company_155
756,,,,,,,,,A-038089,Company_156
757,,,,,,,,,A-afa505,Company_157
758,,,,,,,,,A-d5a319,Company_158
759,,,,,,,,,A-f97b9a,Company_159
760,,,,,,,,,A-2f6a32,Company_160
761,,,,,,,,,A-856b1e,Company_161
762,,,,,,,,,A-17939a,Company_162
763,,,,,,,,,A-d27f50,Company_163
764,,,,,,,,,A-e36807,Company_164
765,,,,,,,,,A-ff79f2,Company_165
766,,,,,,,,,A-5b1bcd,Company_166
767,,,,,,,,,A-71615e,Company_167
768,,,,,,,,,A-794a0b,Company_168
769,,,,,,,,,A-86902e,Company_169
770,,,,,,,,,A-0532a9,Company_170
771,,,,,,,,,A-9779ad,Company_171
772,,,,,,,,,A-f45426,Company_172
773,,,,,,,,,A-c1e51e,Company_173
774,,,,,,,,,A-fa3095,Company_174
775,,,,,,,,,A-ad64c6,Company_175
776,,,,,,,,,A-39b19f,Company_176
777,,,,,,,,,A-56962b,Company_177
778,,,,,,,,,A-e60f9d,Company_178
779,,,,,,,,,A-88c6ca,Company_179
780,,,,,,,,,A-158f4e,Company_180
781,,,,,,,,,A-5b051a,Company_181
782,,,,,,,,,A-296d7c,Company_182
783,,,,,,,,,A-1619f8,Company_183
784,,,,,,,,,A-a1b80b,Company_184
785,,,,,,,,,A-139c3b,Company_185
786,,,,,,,,,A-702032,Company_186
787,,,,,,,,,A-7a0d69,Company_187
788,,,,,,63.0,,,A-22d9d2,Company_188
789,,,,,,,,,A-b9eed8,Company_189
790,,,,,,,,,A-dfbd31,Company_190
791,,,,,,,,,A-8e47ca,Company_191
792,,,,,,,,,A-4437e4,Company_192
793,,,,,,,,,A-779e4e,Company_193
794,,,,,,,,,A-53f4e3,Company_194
795,,,,,,,,,A-692f18,Company_195
796,,,,,,,,,A-13466a,Company_196
797,,,,,,,,,A-1986ca,Company_197
798,,,,,,,,,A-0cc442,Company_198
799,,,,,,,,,A-c608c8,Company_199
800,,,,,,,,,A-3be56b,Company_200
801,,,,,,,,,A-354f12,Company_201
802,,,,,,,,,A-68f37c,Company_202
803,,,,,,,,,A-aa9511,Company_203
804,,,,,,,,,A-af0cd2,Company_204
805,,,,,,,,,A-bd4513,Company_205
806,,,,,,,,,A-c222ab,Company_206
807,,,,,,,,,A-34d880,Company_207
808,,,,,,,,,A-508199,Company_208
809,,,,,,,,,A-f03140,Company_209
810,,,,,,,,,A-410e86,Company_210
811,,,,,,,,,A-fa2041,Company_211
812,,,,,,,,,A-de58ca,Company_212
813,,,,,,,,,A-05d3b3,Company_213
814,,,,,,,,,A-249769,Company_214
815,,,,,,,,,A-e43bf7,Company_215
816,,,,,,,,,A-eb2fdc,Company_216
817,,,,,,,,,A-e1462e,Company_217
818,,,,,,,,,A-cab532,Company_218
819,,,,,,,,,A-9123ac,Company_219
820,,,,,,,,,A-6e08f3,Company_220
821,,,,,,,,,A-d922bf,Company_221
822,,,,,,,,,A-8ed5dd,Company_222
823,,,,,,,,,A-7c6b6b,Company_223
824,,,,,,,,,A-3c1a3f,Company_224
825,,,,,,,,,A-b48f73,Company_225
826,,,,,,,,,A-76fa4d,Company_226
827,,,,,,,,,A-b2af2e,Company_227
828,,,,,,,,,A-9bfc9f,Company_228
829,,,,,,47.0,,,A-4ae22a,Company_229
830,,,,,,124.0,,,A-fda07f,Company_230
831,,,,,,,,,A-de24d5,Company_231
832,,,,,,,,,A-977ca0,Company_232
833,,,,,,,,,A-ab438f,Company_233
834,,,,,,,,,A-e89151,Company_234
835,,,,,,,,,A-40906c,Company_235
836,,,,,,,,,A-81edc3,Company_236
837,,,,,,,,,A-328bd0,Company_237
838,,,,,,,,,A-b3fe05,Company_238
839,,,,,,,,,A-09540c,Company_239
840,,,,,,,,,A-e693b6,Company_240
841,,,,,,,,,A-2446e3,Company_241
842,,,,,,,,,A-241e75,Company_242
843,,,,,,,,,A-922109,Company_243
844,,,,,,,,,A-ff3c73,Company_244
845,,,,,,56.0,,,A-8b0451,Company_245
846,,,,,,,,,A-331424,Company_246
847,,,,,,,,,A-51ec1b,Company_247
848,,,,,,,,,A-bcf664,Company_248
849,,,,,,,,,A-90a8c8,Company_249
850,,,,,,,,,A-86cdb4,Company_250
851,,,,,,,,,A-4bfa33,Company_251
852,,,,,,,,,A-dbc825,Company_252
853,,,,,,,,,A-c70870,Company_253
854,,,,,,,,,A-7c4956,Company_254
855,,,,,,,,,A-0651a4,Company_255
856,,,,,,,,,A-3ce5b8,Company_256
857,,,,,,,,,A-bd4708,Company_257
858,,,,,,,,,A-993085,Company_258
859,,,,,,,,,A-92a3af,Company_259
860,,,,,,,,,A-151c9a,Company_260
861,,,,,,,,,A-474ad4,Company_261
862,,,,,,,,,A-4ef964,Company_262
863,,,,,,,,,A-fd9422,Company_263
864,,,,,,,,,A-0baac2,Company_264
865,,,,,,,,,A-bb1486,Company_265
866,,,,,,,,,A-560d27,Company_266
867,,,,,,,,,A-0b0d6d,Company_267
868,,,,,,,,,A-2789e3,Company_268
869,,,,,,,,,A-b07346,Company_269
870,,,,,,,,,A-902ef7,Company_270
871,,,,,,,,,A-20736a,Company_271
872,,,,,,,,,A-e4bf56,Company_272
873,,,,,,,,,A-cea1f0,Company_273
874,,,,,,,,,A-ef84cf,Company_274
875,,,,,,,,,A-d49cc5,Company_275
876,,,,,,,,,A-67be94,Company_276
877,,,,,,,,,A-4e960a,Company_277
878,,,,,,,,,A-c37cab,Company_278
879,,,,,,,,,A-533452,Company_279
880,,,,,,,,,A-443b7c,Company_280
881,,,,,,,,,A-1f7acb,Company_281
882,,,,,,,,,A-f51f16,Company_282
883,,,,,,,,,A-5a3eb9,Company_283
884,,,,,,,,,A-5f2961,Company_284
885,,,,,,,,,A-417d2f,Company_285
886,,,,,,,,,A-e98302,Company_286
887,,,,,,,,,A-8bde0c,Company_287
888,,,,,,,,,A-bcf87c,Company_288
889,,,,,,,,,A-54ecc2,Company_289
890,,,,,,,,,A-625d0b,Company_290
891,,,,,,,,,A-fce879,Company_291
892,,,,,,,,,A-b07b56,Company_292
893,,,,,,,,,A-6da850,Company_293
894,,,,,,,,,A-342303,Company_294
895,,,,,,,,,A-e7a1e2,Company_295
896,,,,,,,,,A-f1f639,Company_296
897,,,,,,,,,A-a865bd,Company_297
898,,,,,,,,,A-4e631b,Company_298
899,,,,,,,,,A-7f6b86,Company_299
900,,,,,,,,,A-8adedc,Company_300
901,,,,,,,,,A-2edab2,Company_301
902,,,,,,,,,A-149a69,Company_302
903,,,,,,,,,A-a6d261,Company_303
904,,,,,,,,,A-443f6f,Company_304
905,,,,,,,,,A-202b67,Company_305
906,,,,,,,,,A-00bed1,Company_306
907,,,,,,,,,A-ffc04f,Company_307
908,,,,,,,,,A-65c341,Company_308
909,,,,,,,,,A-dcc2f0,Company_309
910,,,,,,,,,A-ced9aa,Company_310
911,,,,,,,,,A-3d957b,Company_311
912,,,,,,,,,A-89ee83,Company_312
913,,,,,,,,,A-883b7d,Company_313
914,,,,,,,,,A-dcc3f1,Company_314
915,,,,,,,,,A-c62e55,Company_315
916,,,,,,,,,A-e4144b,Company_316
917,,,,,,,,,A-e40f45,Company_317
918,,,,,,,,,A-96215d,Company_318
919,,,,,,,,,A-2b9d3e,Company_319
920,,,,,,,,,A-b7724f,Company_320
921,,,,,,,,,A-310452,Company_321
922,,,,,,,,,A-eb1312,Company_322
923,,,,,,,,,A-df1e44,Company_323
924,,,,,,,,,A-6a7c9d,Company_324
925,,,,,,,,,A-cbd1a3,Company_325
926,,,,,,,,,A-a8d89d,Company_326
927,,,,,,,,,A-600734,Company_327
928,,,,,,,,,A-86fc1d,Company_328
929,,,,,,,,,A-78f02b,Company_329
930,,,,,,,,,A-acb7f7,Company_330
931,,,,,,,,,A-712f1c,Company_331
932,,,,,,,,,A-3793ee,Company_332
933,,,,,,,,,A-9a532a,Company_333
934,,,,,,,,,A-2ebb4b,Company_334
935,,,,,,,,,A-6843f2,Company_335
936,,,,,,,,,A-c9bb3e,Company_336
937,,,,,,,,,A-4814a3,Company_337
938,,,,,,,,,A-b7b7b7,Company_338
939,,,,,,95.0,,,A-ccc747,Company_339
940,,,,,,,,,A-bb3bd4,Company_340
941,,,,,,,,,A-09316c,Company_341
942,,,,,,,,,A-96bbc6,Company_342
943,,,,,,,,,A-bc4d48,Company_343
944,,,,,,90.0,,,A-b30291,Company_344
945,,,,,,,,,A-cdf020,Company_345
946,,,,,,,,,A-e6afc1,Company_346
947,,,,,,,,,A-e3bd71,Company_347
948,,,,,,,,,A-b179bf,Company_348
949,,,,,,,,,A-098560,Company_349
950,,,,,,,,,A-82861f,Company_350
951,,,,,,,,,A-94c3cd,Company_351
952,,,,,,,,,A-a33200,Company_352
953,,,,,,,,,A-034368,Company_353
954,,,,,,,,,A-b54c01,Company_354
955,,,,,,,,,A-d82ef9,Company_355
956,,,,,,,,,A-bb2f49,Company_356
957,,,,,,45.0,,,A-1f559b,Company_357
958,,,,,,,,,A-5a215a,Company_358
959,,,,,,,,,A-3f9cc0,Company_359
960,,,,,,,,,A-f9cc74,Company_360
961,,,,,,,,,A-ed510f,Company_361
962,,,,,,,,,A-5c9849,Company_362
963,,,,,,,,,A-a7bd4b,Company_363
964,,,,,,,,,A-d4ac0e,Company_364
965,,,,,,,,,A-ffdfd5,Company_365
966,,,,,,104.0,,,A-0dbdc6,Company_366
967,,,,,,,,,A-7cfe77,Company_367
968,,,,,,,,,A-1f0636,Company_368
969,,,,,,,,,A-40de06,Company_369
970,,,,,,,,,A-cb5333,Company_370
971,,,,,,,,,A-309e54,Company_371
972,,,,,,,,,A-6e7827,Company_372
973,,,,,,,,,A-50bb9f,Company_373
974,,,,,,,,,A-5fe118,Company_374
975,,,,,,,,,A-5247b3,Company_375
976,,,,,,,,,A-f44180,Company_376
977,,,,,,,,,A-c16cf7,Company_377
978,,,,,,,,,A-d42431,Company_378
979,,,,,,,,,A-6965e1,Company_379
980,,,,,,,,,A-0354fe,Company_380
981,,,,,,,,,A-0a62f5,Company_381
982,,,,,,,,,A-f5641b,Company_382
983,,,,,,,,,A-b44e3e,Company_383
984,,,,,,,,,A-3b37d9,Company_384
985,,,,,,,,,A-54d94a,Company_385
986,,,,,,,,,A-7f29a7,Company_386
987,,,,,,,,,A-089363,Company_387
988,,,,,,,,,A-524364,Company_388
989,,,,,,,,,A-855a48,Company_389
990,,,,,,,,,A-756192,Company_390
991,,,,,,,,,A-49b828,Company_391
992,,,,,,,,,A-c7ffc2,Company_392
993,,,,,,,,,A-751c58,Company_393
994,,,,,,,,,A-72799b,Company_394
995,,,,,,,,,A-812c5b,Company_395
996,,,,,,,,,A-69b156,Company_396
997,,,,,,,,,A-075038,Company_397
998,,,,,,,,,A-940b8b,Company_398
999,,,,,,,,,A-2d1036,Company_399
1000,,,,,,,,,A-0f6450,Company_400
1001,,,,,,,,,A-9affe6,Company_401
1002,,,,,,,,,A-80eeb6,Company_402
1003,,,,,,,,,A-d4e0d4,Company_403
1004,,,,,,,,,A-c7e58b,Company_404
1005,,,,,,,,,A-016043,Company_405
1006,,,,,,,,,A-bbe56f,Company_406
1007,,,,,,,,,A-7c5768,Company_407
1008,,,,,,,,,A-751bd4,Company_408
1009,,,,,,,,,A-4e0e85,Company_409
1010,,,,,,,,,A-ad3abd,Company_410
1011,,,,,,,,,A-e19ff6,Company_411
1012,,,,,,,,,A-7920cc,Company_412
1013,,,,,,,,,A-5a92e7,Company_413
1014,,,,,,,,,A-fdfc91,Company_414
1015,,,,,,,,,A-1e50e0,Company_415
1016,,,,,,,,,A-1e1b80,Company_416
1017,,,,,,,,,A-659280,Company_417
1018,,,,,,,,,A-f6b2fb,Company_418
1019,,,,,,,,,A-cb6cc6,Company_419
1020,,,,,,,,,A-d62e02,Company_420
1021,,,,,,,,,A-d535f6,Company_421
1022,,,,,,,,,A-39868b,Company_422
1023,,,,,,,,,A-3cc791,Company_423
1024,,,,,,,,,A-337bc1,Company_424
1025,,,,,,,,,A-58b9ff,Company_425
1026,,,,,,,,,A-bf7919,Company_426
1027,,,,,,,,,A-1d5444,Company_427
1028,,,,,,,,,A-0f3e88,Company_428
1029,,,,,,48.0,,,A-7641d3,Company_429
1030,,,,,,,,,A-cd458b,Company_430
1031,,,,,,,,,A-c16b88,Company_431
1032,,,,,,,,,A-59f724,Company_432
1033,,,,,,,,,A-87aa7b,Company_433
1034,,,,,,,,,A-1e6fc3,Company_434
1035,,,,,,45.0,,,A-39ddf4,Company_435
1036,,,,,,,,,A-34ea2f,Company_436
1037,,,,,,,,,A-716841,Company_437
1038,,,,,,,,,A-558c72,Company_438
1039,,,,,,,,,A-b11cd0,Company_439
1040,,,,,,,,,A-cc1d8d,Company_440
1041,,,,,,,,,A-7f4db3,Company_441
1042,,,,,,,,,A-db5e9e,Company_442
1043,,,,,,,,,A-cc102e,Company_443
1044,,,,,,,,,A-82d8a6,Company_444
1045,,,,,,,,,A-dec005,Company_445
1046,,,,,,,,,A-5790f4,Company_446
1047,,,,,,,,,A-7c83a1,Company_447
1048,,,,,,,,,A-297a2d,Company_448
1049,,,,,,,,,A-4c56c9,Company_449
1050,,,,,,,,,A-cbbe12,Company_450
1051,,,,,,45.0,,,A-4a267b,Company_451
1052,,,,,,,,,A-bcbe98,Company_452
1053,,,,,,,,,A-427b69,Company_453
1054,,,,,,147.0,,,A-0be015,Company_454
1055,,,,,,,,,A-054577,Company_455
1056,,,,,,,,,A-bc87bc,Company_456
1057,,,,,,,,,A-0f7d77,Company_457
1058,,,,,,,,,A-e7beab,Company_458
1059,,,,,,,,,A-a09355,Company_459
1060,,,,,,,,,A-31ab9a,Company_460
1061,,,,,,,,,A-0158bb,Company_461
1062,,,,,,,,,A-f19b24,Company_462
1063,,,,,,,,,A-798a3f,Company_463
1064,,,,,,,,,A-42b791,Company_464
1065,,,,,,,,,A-068fc6,Company_465
1066,,,,,,,,,A-6f50ae,Company_466
1067,,,,,,,,,A-a2485e,Company_467
1068,,,,,,,,,A-bb1eaa,Company_468
1069,,,,,,,,,A-cc98bc,Company_469
1070,,,,,,,,,A-d77f4c,Company_470
1071,,,,,,,,,A-ccabf0,Company_471
1072,,,,,,,,,A-700ade,Company_472
1073,,,,,,,,,A-4a4c2d,Company_473
1074,,,,,,,,,A-b7ef83,Company_474
1075,,,,,,,,,A-e08cd3,Company_475
1076,,,,,,,,,A-19b2c8,Company_476
1077,,,,,,,,,A-970c97,Company_477
1078,,,,,,,,,A-6dee43,Company_478
1079,,,,,,,,,A-5ed98d,Company_479
1080,,,,,,,,,A-c58f49,Company_480
1081,,,,,,,,,A-9c18c4,Company_481
1082,,,,,,,,,A-cc8c8f,Company_482
1083,,,,,,,,,A-5f7781,Company_483
1084,,,,,,,,,A-e1b9cd,Company_484
1085,,,,,,,,,A-ac85cd,Company_485
1086,,,,,,,,,A-d792a6,Company_486
1087,,,,,,,,,A-ac9111,Company_487
1088,,,,,,,,,A-18793f,Company_488
1089,,,,,,,,,A-9f0b68,Company_489
1090,,,,,,,,,A-d3c88e,Company_490
1091,,,,,,113.0,,,A-ccb686,Company_491
1092,,,,,,,,,A-118f1c,Company_492
1093,,,,,,,,,A-0e966d,Company_493
1094,,,,,,,,,A-b9f5b1,Company_494
1095,,,,,,,,,A-8ae3fc,Company_495
1096,,,,,,,,,A-55f257,Company_496
1097,,,,,,49.0,,,A-d26ab4,Company_497
1098,,,,,,,,,A-712533,Company_498
1099,,,,,,,,,A-781cc0,Company_499
1100,,,,,,,,,A-186a44,Company_101
1101,,,,,,,,,A-700ade,Company_472
1102,,,,,,,,,A-1986ca,Company_197
1103,,,,,,,,,A-2922b6,Company_70
1104,,,,,,,,,A-4d1e75,Company_58
1105,,,,,,,,,A-b7ef83,Company_474
1106,,,,,,,,,A-39b19f,Company_176
1107,,,,,,,,,A-92a3af,Company_259
1108,,,,,,,,,A-0f6450,Company_400
1109,,,,,,,,,A-309e54,Company_371
1110,,,,,,,,,A-342303,Company_294
1111,,,,,,,,,A-4a4c2d,Company_473
1112,,,,,,,,,A-410e86,Company_210
1113,,,,,,,,,A-a1b80b,Company_184
1114,,,,,,,,,A-3d957b,Company_311
1115,,,,,,,,,A-65c341,Company_308
1116,,,,,,,,,A-6f8ad2,Company_57
1117,,,,,,,,,A-1b707d,Company_56
1118,,,,,,,,,A-854864,Company_38
1119,,,,,,,,,A-6c093d,Company_12
1120,,,,,,,,,A-977ca0,Company_232
1121,,,,,,46.0,,,A-86902e,Company_169
1122,,,,,,,,,A-5ed98d,Company_479
1123,,,,,,,,,A-8ae05d,Company_147
1124,,,,,,,,,A-91e948,Company_88
1125,,,,,,98.0,,,A-443b7c,Company_280
1126,,,,,,,,,A-b3fe05,Company_238
1127,,,,,,,,,A-0f7d77,Company_457
1128,,,,,,,,,A-993085,Company_258
1129,,,,,,,,,A-00bed1,Company_306
1130,,,,,,92.0,,,A-d49cc5,Company_275
1131,,,,,,,,,A-560d27,Company_266
1132,,,,,,,,,A-dec005,Company_445
1133,,,,,,,,,A-71615e,Company_167
1134,,,,,,,,,A-798a3f,Company_463
1135,,,,,,90.0,,,A-de58ca,Company_212
1136,,,,,,,,,A-d62e02,Company_420
1137,,,,,,,,,A-2446e3,Company_241
1138,,,,,,,,,A-271f46,Company_84
1139,,,,,,,,,A-9f0b68,Company_489
1140,,,,,,,,,A-d535f6,Company_421
1141,,,,,,,,,A-149a69,Company_302
1142,,,,,,,,,A-e693b6,Company_240
1143,,,,,,,,,A-0354fe,Company_380
1144,,,,,,,,,A-58b9ff,Company_425
1145,,,,,,,,,A-40de06,Company_369
1146,,,,,,,,,A-bd4513,Company_205
1147,,,,,,,,,A-dbc825,Company_252
1148,,,,,,,,,A-fe79a5,Company_81
1149,,,,,,,,,A-cc102e,Company_443
1150,,,,,,,,,A-313be3,Company_136
1151,,,,,,,,,A-94f8c9,Company_51
1152,,,,,,,,,A-fda07f,Company_230
1153,,,,,,,,,A-78f02b,Company_329
1154,,,,,,,,,A-05f0e5,Company_40
1155,,,,,,,,,A-856b1e,Company_161
1156,,,,,,,,,A-cb6cc6,Company_419
1157,,,,,,,,,A-484819,Company_109
1158,,,,,,,,,A-f446b6,Company_36
1159,,,,,,,,,A-2f6a32,Company_160
1160,,,,,,,,,A-82d8a6,Company_444
1161,,,,,,,,,A-f19409,Company_105
1162,,,,,,,,,A-55f257,Company_496
1163,,,,,,,,,A-075038,Company_397
1164,,,,,,,,,A-702032,Company_186
1165,,,,,,,,,A-ccc747,Company_339
1166,,,,,,,,,A-0be015,Company_454
1167,,,,,,,,,A-ad296b,Company_112
1168,,,,,,,,,A-b44e3e,Company_383
1169,,,,,,,,,A-474ad4,Company_261
1170,,,,,,,,,A-ac85cd,Company_485
1171,,,,,,,,,A-05d3b3,Company_213
1172,,,,,,,,,A-1f0ac7,Company_3
1173,,,,,,,,,A-0b0d6d,Company_267
1174,,,,,,,,,A-59f724,Company_432
1175,,,,,,,,,A-ce66f8,Company_17
1176,,,,,,,,,A-c16cf7,Company_377
1177,,,,,,,,,A-2e3bad,Company_108
1178,,,,,,,,,A-eb7fac,Company_28
1179,,,,,,,,,A-726cfa,Company_82
1180,,,,,,,,,A-40a557,Company_86
1181,,,,,,,,,A-37f969,Company_150
1182,,,,,,,,,A-1f7acb,Company_281
1183,,,,,,,,,A-ed510f,Company_361
1184,,,,,,,,,A-94c3cd,Company_351
1185,,,,,,,,,A-832ec2,Company_19
1186,,,,,,,,,A-a1bbb6,Company_74
1187,,,,,,,,,A-dcc2f0,Company_309
1188,,,,,,,,,A-331424,Company_246
1189,,,,,,,,,A-558c72,Company_438
1190,,,,,,,,,A-180abf,Company_122
1191,,,,,,,,,A-b30291,Company_344
1192,,,,,,,,,A-18793f,Company_488
1193,,,,,,,,,A-8ae3fc,Company_495
1194,,,,,,,,,A-4ef964,Company_262
1195,,,,,,,,,A-e61e98,Company_115
1196,,,,,,,,,A-e60f9d,Company_178
1197,,,,,,,,,A-4f18f0,Company_145
1198,,,,,,,,,A-f51f16,Company_282
1199,,,,,,,,,A-c4ea60,Company_18
